solar_group,factorial_id,topology,source_allocation,envelope,inside_h,longwave,internal_gain,annual_solar_MWh,heating_MWh,cooling_MWh,heating_in_range,cooling_in_range,both_in_range,D_MWh_norm
native_vdi,F36,no-IW,VDI-area,layer-controlled,8.0,harmonised,Modelica-split,11.75195606191516,4.823417416763939,5.678802212968258,True,True,True,0.0
native_vdi,F52,no-IW,Modelica-fractions,layer-controlled,8.0,harmonised,Modelica-split,11.75195606191516,4.816069717537059,5.748399395521484,True,True,True,0.0
native_vdi,F56,no-IW,Modelica-fractions,layer-controlled,9.1,harmonised,Modelica-split,11.75195606191516,4.982950149672759,6.486195116976769,False,True,False,0.0023984956689096426
native_vdi,F40,no-IW,VDI-area,layer-controlled,9.1,harmonised,Modelica-split,11.75195606191516,4.987113882838142,6.4313988680812875,False,True,False,0.00578364458385498
native_vdi,F51,no-IW,Modelica-fractions,layer-controlled,8.0,harmonised,all-air,11.75195606191516,5.1815300212314845,5.475530722574896,False,True,False,0.1638455457166537
native_vdi,F35,no-IW,VDI-area,layer-controlled,8.0,harmonised,all-air,11.75195606191516,5.18930780958586,5.406515958795001,False,True,False,0.17016895088281261
native_vdi,F50,no-IW,Modelica-fractions,layer-controlled,8.0,explicit-VDI,Modelica-split,11.75195606191516,5.31726222699528,5.3527852358383425,False,True,False,0.27419693251648725
native_vdi,F34,no-IW,VDI-area,layer-controlled,8.0,explicit-VDI,Modelica-split,11.75195606191516,5.325224775488426,5.284311593959643,False,True,False,0.28067054917758155
native_vdi,F55,no-IW,Modelica-fractions,layer-controlled,9.1,harmonised,all-air,11.75195606191516,5.383689138332443,6.183137868820516,False,True,False,0.32820255148979044
native_vdi,F39,no-IW,VDI-area,layer-controlled,9.1,harmonised,all-air,11.75195606191516,5.3882039815302685,6.1289389804828955,False,True,False,0.33187315571566495
native_vdi,F54,no-IW,Modelica-fractions,layer-controlled,9.1,explicit-VDI,Modelica-split,11.75195606191516,5.503435804781318,6.07031864352742,False,True,False,0.4255575648628594
native_vdi,F38,no-IW,VDI-area,layer-controlled,9.1,explicit-VDI,Modelica-split,11.75195606191516,5.508332447645294,6.0162105755134885,False,True,False,0.42953857532137707
native_vdi,F49,no-IW,Modelica-fractions,layer-controlled,8.0,explicit-VDI,all-air,11.75195606191516,5.701868084050153,5.091976868664553,False,True,False,0.5868846211789854
native_vdi,F33,no-IW,VDI-area,layer-controlled,8.0,explicit-VDI,all-air,11.75195606191516,5.710068076481507,5.023895866827741,False,True,False,0.5935512816922816
native_vdi,F53,no-IW,Modelica-fractions,layer-controlled,9.1,explicit-VDI,all-air,11.75195606191516,5.926467002628555,5.781518340363196,False,True,False,0.7694853679906944
native_vdi,F37,no-IW,VDI-area,layer-controlled,9.1,explicit-VDI,all-air,11.75195606191516,5.931754192148615,5.72799415954725,False,True,False,0.7737838960557839
native_vdi,F06,IW,VDI-area,layer-controlled,9.1,explicit-VDI,Modelica-split,11.75195606191516,3.0918003834400913,3.972447163207846,False,False,False,0.7756559986185685
native_vdi,F05,IW,VDI-area,layer-controlled,9.1,explicit-VDI,all-air,11.75195606191516,3.0891782491124187,3.9755857781534725,False,False,False,0.775889950810186
native_vdi,F02,IW,VDI-area,layer-controlled,8.0,explicit-VDI,Modelica-split,11.75195606191516,3.017490317660819,3.7106235092304676,False,False,False,0.9225468622463151
native_vdi,F01,IW,VDI-area,layer-controlled,8.0,explicit-VDI,all-air,11.75195606191516,3.014628633750816,3.7139710816882894,False,False,False,0.9226564139029803
native_vdi,F08,IW,VDI-area,layer-controlled,9.1,harmonised,Modelica-split,11.75195606191516,2.648648257717148,4.522966512029109,False,False,False,0.9325804511317641
native_vdi,F07,IW,VDI-area,layer-controlled,9.1,harmonised,all-air,11.75195606191516,2.6462324141786007,4.526302714635896,False,False,False,0.9339595128455526
native_vdi,F22,IW,Modelica-fractions,layer-controlled,9.1,explicit-VDI,Modelica-split,11.75195606191516,2.8235083959823912,3.8247760688273376,False,False,False,0.9898473261676959
native_vdi,F21,IW,Modelica-fractions,layer-controlled,9.1,explicit-VDI,all-air,11.75195606191516,2.8209878661023584,3.827974478226063,False,False,False,0.9902763630405452
native_vdi,F04,IW,VDI-area,layer-controlled,8.0,harmonised,Modelica-split,11.75195606191516,2.579431687474543,4.243647502682232,False,False,False,1.0375551882411829
native_vdi,F03,IW,VDI-area,layer-controlled,8.0,harmonised,all-air,11.75195606191516,2.576814723402907,4.247244845661535,False,False,False,1.0387270347042192
native_vdi,F18,IW,Modelica-fractions,layer-controlled,8.0,explicit-VDI,Modelica-split,11.75195606191516,2.7538711915265397,3.5984262855684324,False,False,False,1.1146559409074972
native_vdi,F17,IW,Modelica-fractions,layer-controlled,8.0,explicit-VDI,all-air,11.75195606191516,2.751136876430397,3.6018571647539854,False,False,False,1.1149866504310297
native_vdi,F24,IW,Modelica-fractions,layer-controlled,9.1,harmonised,Modelica-split,11.75195606191516,2.404501239764423,4.38550700028974,False,False,False,1.14427893193563
native_vdi,F23,IW,Modelica-fractions,layer-controlled,9.1,harmonised,all-air,11.75195606191516,2.402228662410358,4.388946547341428,False,False,False,1.1454960521007838
native_vdi,F20,IW,Modelica-fractions,layer-controlled,8.0,harmonised,Modelica-split,11.75195606191516,2.339968934071031,4.141365243140544,False,False,False,1.2386705211116689
native_vdi,F19,IW,Modelica-fractions,layer-controlled,8.0,harmonised,all-air,11.75195606191516,2.3374967542769554,4.145047799325545,False,False,False,1.2397711705801673
native_vdi,F14,IW,VDI-area,U-controlled,9.1,explicit-VDI,Modelica-split,11.75195606191516,1.6526865706703011,2.6514978785173398,False,False,False,2.1341100070404533
native_vdi,F13,IW,VDI-area,U-controlled,9.1,explicit-VDI,all-air,11.75195606191516,1.6497733664547858,2.6544326739888917,False,False,False,2.1350397129486214
native_vdi,F30,IW,Modelica-fractions,U-controlled,9.1,explicit-VDI,Modelica-split,11.75195606191516,1.5897362090279572,2.765800973333518,False,False,False,2.1389634706673593
native_vdi,F29,IW,Modelica-fractions,U-controlled,9.1,explicit-VDI,all-air,11.75195606191516,1.5868732300955213,2.768746427225348,False,False,False,2.139957645548191
native_vdi,F61,no-IW,Modelica-fractions,U-controlled,9.1,explicit-VDI,all-air,11.75195606191516,2.2382758000629797,1.7939524960286277,False,False,False,2.140055586949292
native_vdi,F45,no-IW,VDI-area,U-controlled,9.1,explicit-VDI,all-air,11.75195606191516,2.2518157520848328,1.764528268353527,False,False,False,2.1469739046438403
native_vdi,F10,IW,VDI-area,U-controlled,8.0,explicit-VDI,Modelica-split,11.75195606191516,1.6727895409076567,2.5356940588431014,False,False,False,2.159949290523824
native_vdi,F09,IW,VDI-area,U-controlled,8.0,explicit-VDI,all-air,11.75195606191516,1.669612584861978,2.53885419851115,False,False,False,2.1608941889372546
native_vdi,F26,IW,Modelica-fractions,U-controlled,8.0,explicit-VDI,Modelica-split,11.75195606191516,1.5985748716164496,2.6584093626287895,False,False,False,2.1671894606542006
native_vdi,F25,IW,Modelica-fractions,U-controlled,8.0,explicit-VDI,all-air,11.75195606191516,1.59546866027139,2.6615930831858328,False,False,False,2.168202428552894
native_vdi,F57,no-IW,Modelica-fractions,U-controlled,8.0,explicit-VDI,all-air,11.75195606191516,2.380435251037179,1.5675041835545926,False,False,False,2.181281215201704
native_vdi,F41,no-IW,VDI-area,U-controlled,8.0,explicit-VDI,all-air,11.75195606191516,2.403692901428312,1.5314672861616048,False,False,False,2.188720546598029
native_vdi,F62,no-IW,Modelica-fractions,U-controlled,9.1,explicit-VDI,Modelica-split,11.75195606191516,1.8768354130072669,2.1153021640248486,False,False,False,2.191816304378331
native_vdi,F46,no-IW,VDI-area,U-controlled,9.1,explicit-VDI,Modelica-split,11.75195606191516,1.8879537360567091,2.0853362740551558,False,False,False,2.1973850747433445
native_vdi,F58,no-IW,Modelica-fractions,U-controlled,8.0,explicit-VDI,Modelica-split,11.75195606191516,2.038421962646959,1.8480777718959411,False,False,False,2.214244210474956
native_vdi,F42,no-IW,VDI-area,U-controlled,8.0,explicit-VDI,Modelica-split,11.75195606191516,2.058847922795316,1.811149912342389,False,False,False,2.2196520717770647
native_vdi,F63,no-IW,Modelica-fractions,U-controlled,9.1,harmonised,all-air,11.75195606191516,1.7270466695590536,2.1550210093224615,False,False,False,2.263150211282622
native_vdi,F47,no-IW,VDI-area,U-controlled,9.1,harmonised,all-air,11.75195606191516,1.737050799100067,2.1251208421975005,False,False,False,2.2685304024829365
native_vdi,F59,no-IW,Modelica-fractions,U-controlled,8.0,harmonised,all-air,11.75195606191516,1.8668624038010886,1.8999924067440448,False,False,False,2.283329354445119
native_vdi,F43,no-IW,VDI-area,U-controlled,8.0,harmonised,all-air,11.75195606191516,1.8854429299580657,1.8626283215492256,False,False,False,2.288483605689627
native_vdi,F60,no-IW,Modelica-fractions,U-controlled,8.0,harmonised,Modelica-split,11.75195606191516,1.5551567352358446,2.2002857094980532,False,False,False,2.3504815578680223
native_vdi,F64,no-IW,Modelica-fractions,U-controlled,9.1,harmonised,Modelica-split,11.75195606191516,1.3989877132058013,2.494803686140201,False,False,False,2.351057320867609
native_vdi,F44,no-IW,VDI-area,U-controlled,8.0,harmonised,Modelica-split,11.75195606191516,1.570591373688956,2.162163324245075,False,False,False,2.3546364283371086
native_vdi,F16,IW,VDI-area,U-controlled,9.1,harmonised,Modelica-split,11.75195606191516,1.1544366135284612,3.0869114142862393,False,False,False,2.3549675966520405
native_vdi,F48,no-IW,VDI-area,U-controlled,9.1,harmonised,Modelica-split,11.75195606191516,1.406577299155357,2.4644429471995988,False,False,False,2.355763017842354
native_vdi,F15,IW,VDI-area,U-controlled,9.1,harmonised,all-air,11.75195606191516,1.1518543665196588,3.08994100865841,False,False,False,2.356115124573293
native_vdi,F32,IW,Modelica-fractions,U-controlled,9.1,harmonised,Modelica-split,11.75195606191516,1.1029452562876447,3.2034205628560075,False,False,False,2.3654267795151944
native_vdi,F31,IW,Modelica-fractions,U-controlled,9.1,harmonised,all-air,11.75195606191516,1.1004491986476383,3.206488010998224,False,False,False,2.3665785605636036
native_vdi,F12,IW,VDI-area,U-controlled,8.0,harmonised,Modelica-split,11.75195606191516,1.1761966623269233,2.9612173951432026,False,False,False,2.3706215735166425
native_vdi,F11,IW,VDI-area,U-controlled,8.0,harmonised,all-air,11.75195606191516,1.1733694999405178,2.964490723636954,False,False,False,2.3718113184571434
native_vdi,F28,IW,Modelica-fractions,U-controlled,8.0,harmonised,Modelica-split,11.75195606191516,1.1152329494608915,3.0867749226010726,False,False,False,2.3836026285363006
native_vdi,F27,IW,Modelica-fractions,U-controlled,8.0,harmonised,all-air,11.75195606191516,1.1124895352376993,3.09008024062187,False,False,False,2.3848162557418204
