scope,name,loading,boundary_kind,area_m2,selected_loading_period_days,r1_k_w,r2_k_w,r3_k_w,c1_j_k,c2_j_k,c1_effective_j_k,layers_room_to_outside,variable_name,notes
component,north wall,AW,exterior,21.6,7.0,0.0011829691860797491,0.001272815579360383,0.08038151682186144,211314.10127641482,102625.96962537448,210902.73530768696,plasterboard [layer 1] | fiberglass quilt [layer 2] | wood siding [layer 3],ReducedComponent,
component,east wall,AW,exterior,16.2,7.0,0.0015772922481063322,0.0016970874391471775,0.10717535576248195,158485.57595731108,76969.47721903086,158177.05148072183,plasterboard [layer 1] | fiberglass quilt [layer 2] | wood siding [layer 3],ReducedComponent,
component,south wall,AW,exterior,9.6,7.0,0.0026616806686794356,0.0028638350535608622,0.18085841284918827,93917.37834507324,45611.542055721984,93734.54902561296,plasterboard [layer 1] | fiberglass quilt [layer 2] | wood siding [layer 3],ReducedComponent,
component,west wall,AW,exterior,16.2,7.0,0.0015772922481063322,0.0016970874391471775,0.10717535576248195,158485.57595731108,76969.47721903086,158177.05148072183,plasterboard [layer 1] | fiberglass quilt [layer 2] | wood siding [layer 3],ReducedComponent,
component,roof,AW,exterior,48.0,7.0,0.0005507914363742013,0.0010011425472968522,0.0608066969687099,416609.99305307184,455543.82478195615,381586.7162407002,plasterboard [layer 1] | fiberglass quilt [layer 2] | roof deck [layer 3],ReducedComponent,
component,floor,AW,exterior,48.0,7.0,0.0012367731101057833,0.43595012654339843,0.08892917177506704,932663.8608500083,3309.3093469878645,935138.3085062426,timber flooring [layer 1] | massless insulation proxy [layer 2],ReducedComponent,
component,inferred floor and ceiling,IW,interior_same_conditions,96.0,7.0,0.0008884319383143845,0.0003120716881392505,0.0010666532362914633,12159989.190958546,28798390.135397483,12159989.190958546,adapter IW finish | adapter structure,ReducedComponent,
component,south windows,AW,exterior,12.0,massless,,,,0.0,0.0,0.0,transparent massless AW,TransparentComponent,Window conductance enters Eq. 25/26 and Eq. 27; no capacitance.
room,R_AW aggregate,AW,,,5.0,0.00034723358001402494,,,1937626.6470694211,,1937626.6470694211,,PreparedVDI6007Model.aw_aggregate,"component_names=('north wall', 'east wall', 'south wall', 'west wall', 'roof', 'floor'); impedance=(0.00034723358001402494-0.03548409881732775j)"
room,R_IW aggregate,IW,,,5.0,0.0008884319383143845,,,12159989.190958548,,12159989.190958548,,PreparedVDI6007Model.iw_aggregate,"component_names=('inferred floor and ceiling',); impedance=(0.0008884319383143845-0.005654193793759366j)"
room,R_AW total static,AW,,171.6,,0.011290249740324255,,,,,,,PreparedVDI6007Model.total_aw_resistance,"UA contributions=(('north wall', 11.448000000000002), ('east wall', 8.586), ('south wall', 5.088), ('west wall', 8.586), ('roof', 15.84), ('floor', 1.8239999999999998), ('south windows', 37.2))"
room,r_total_aw_k_w,,,,,0.011290249740324255,,,,,,,PreparedVDI6007Model.residual_aw_resistance.r_total_aw_k_w,
room,r1_aw_original_k_w,,,,,0.00034723358001402494,,,,,,,PreparedVDI6007Model.residual_aw_resistance.r1_aw_original_k_w,
room,r1_aw_corrected_k_w,,,,,0.00034723358001402494,,,,,,,PreparedVDI6007Model.residual_aw_resistance.r1_aw_corrected_k_w,
room,r_rest_aw_k_w,,,,,0.009937788978967247,,,,,,,PreparedVDI6007Model.residual_aw_resistance.r_rest_aw_k_w,
room,room_side_parallel_resistance_k_w,,,,,0.0010052271813429836,,,,,,,PreparedVDI6007Model.residual_aw_resistance.room_side_parallel_resistance_k_w,
room,outside_surface_resistance_k_w,,,,,,,,,,,,PreparedVDI6007Model.residual_aw_resistance.outside_surface_resistance_k_w,
room,correction_applied,,,,,,,,False,,,,PreparedVDI6007Model.residual_aw_resistance.correction_applied,
room,numerical_floor_applied,,,,,,,,,,,,PreparedVDI6007Model.residual_aw_resistance.numerical_floor_applied,
room,resistance_k_w,,,,,0.0020833333333333333,,,,,,,PreparedVDI6007Model.radiative_resistance.resistance_k_w,
room,selected_equation,,,,,,,,,,,,PreparedVDI6007Model.radiative_resistance.selected_equation,
room,limiting_area_m2,,,,,,,,,,,,PreparedVDI6007Model.radiative_resistance.limiting_area_m2,
room,alpha_radiative_w_m2k,,,,,,,,,,,,PreparedVDI6007Model.radiative_resistance.alpha_radiative_w_m2k,
room,alpha_convective_w_m2k,,,,,,,,,,,,PreparedVDI6007Model.radiative_resistance.alpha_convective_w_m2k,
room,r_conv_aw_k_w,,,,,0.0019425019425019427,,,,,,,PreparedVDI6007Model.delta_network.r_conv_aw_k_w,
room,r_conv_iw_k_w,,,,,0.003472222222222222,,,,,,,PreparedVDI6007Model.delta_network.r_conv_iw_k_w,
room,r_rad_aw_iw_k_w,,,,,0.0020833333333333333,,,,,,,PreparedVDI6007Model.delta_network.r_rad_aw_iw_k_w,
room,r_star_air_k_w,,,,,0.0008995394358088658,,,,,,,PreparedVDI6007Model.star_network.r_star_air_k_w,
room,r_star_aw_k_w,,,,,0.0005397236614853195,,,,,,,PreparedVDI6007Model.star_network.r_star_aw_k_w,
room,r_star_iw_k_w,,,,,0.0009647560449050085,,,,,,,PreparedVDI6007Model.star_network.r_star_iw_k_w,
room,denominator_k_w,,,,,,,,,,,,PreparedVDI6007Model.star_network.denominator_k_w,
room,radiant_mean_coefficient,,,,,0.7303002800832775,,,,,,,PreparedVDI6007Model.aw_coefficients.radiant_mean_coefficient,
room,radiant_history_retention,,,,,0.1021109386239709,,,,,,,PreparedVDI6007Model.aw_coefficients.radiant_history_retention,
room,radiant_endpoint_coefficient,,,,,0.19739152922447792,,,,,,,PreparedVDI6007Model.aw_coefficients.radiant_endpoint_coefficient,
room,indoor_temperature_mean_coefficient_w_k,,,,,,,,,,,,PreparedVDI6007Model.aw_coefficients.indoor_temperature_mean_coefficient_w_k,
room,indoor_temperature_history_retention,,,,,,,,,,,,PreparedVDI6007Model.aw_coefficients.indoor_temperature_history_retention,
room,indoor_temperature_endpoint_coefficient_w_k,,,,,,,,,,,,PreparedVDI6007Model.aw_coefficients.indoor_temperature_endpoint_coefficient_w_k,
room,exterior_temperature_mean_coefficient_w_k,,,,,,,,,,,,PreparedVDI6007Model.aw_coefficients.exterior_temperature_mean_coefficient_w_k,
room,exterior_temperature_history_retention,,,,,,,,,,,,PreparedVDI6007Model.aw_coefficients.exterior_temperature_history_retention,
room,exterior_temperature_endpoint_coefficient_w_k,,,,,,,,,,,,PreparedVDI6007Model.aw_coefficients.exterior_temperature_endpoint_coefficient_w_k,
room,decay,,,,,,,,,,,,PreparedVDI6007Model.aw_coefficients.decay,
room,radiant_mean_coefficient,,,,,0.518861880281709,,,,,,,PreparedVDI6007Model.iw_coefficients.radiant_mean_coefficient,
room,radiant_history_retention,,,,,0.8523540392776019,,,,,,,PreparedVDI6007Model.iw_coefficients.radiant_history_retention,
room,radiant_endpoint_coefficient,,,,,0.07103809992597528,,,,,,,PreparedVDI6007Model.iw_coefficients.radiant_endpoint_coefficient,
room,air_mean_coefficient_w_k,,,,,,,,,,,,PreparedVDI6007Model.iw_coefficients.air_mean_coefficient_w_k,
room,air_history_retention,,,,,,,,,,,,PreparedVDI6007Model.iw_coefficients.air_history_retention,
room,air_endpoint_coefficient_w_k,,,,,,,,,,,,PreparedVDI6007Model.iw_coefficients.air_endpoint_coefficient_w_k,
room,exponent_z,,,,,,,,,,,,PreparedVDI6007Model.iw_coefficients.exponent_z,
room,decay_factor,,,,,,,,,,,,PreparedVDI6007Model.iw_coefficients.decay_factor,
room,ventilation conductance/resistance current,,,,,0.05563522519803915,,,,,,,VDI6007HourlyInput.ventilation_resistance_k_w,flow=0.014904000 m3/s; conductance=17.974224000 W/K
room,ventilation conductance/resistance corrected ACH,,,,,0.04606596646397642,,,,,,,VDI6007HourlyInput.ventilation_resistance_k_w,flow=0.018000000 m3/s; conductance=21.708000000 W/K
