parameter,baseline value,source,BESTEST prescribed?,VDI required?,Modelica comparator treatment,sensitivity magnitude,direction of heating change,direction of cooling change,physical plausibility,priority,status
HVAC convective/radiant split,H 100/0; C 100/0,requested comparison baseline,False,True,pure convective heaPorAir,see split CSV,case-dependent,case-dependent,high,high,cross-model closure assumption
solar/radiative redistribution,AW/IW area allocation,RClib sources.py,False,True,ISO surface/mass allocation,topology-material,unresolved,unresolved,medium,high,likely implementation issue
inside surface coefficient,8 W/m2K,VDIAdapterDefaults,False,True,hSur=9.1 W/m2K,see coefficient CSV,see CSV,see CSV,medium,medium,cross-model closure assumption
exterior films/U consistency,Rse=0.04; U prescribed,defaults JSON,True,True,U parameters directly used,audit only,possible increase if duplicated,possible decrease,high,high,UNRESOLVED
floor boundary,"AW outdoors, U=0.038",defaults JSON,True,True,"AFlo=48, UFlo=.038, b=1",audit only,unresolved,unresolved,medium,high,model-form difference
long-wave exterior,"EPW HIR, eps .90/.93",RClib boundary,False,True,ISO13790 exterior equivalent boundary omits explicit LW,not isolated,possible increase,possible decrease,medium,medium,model-form difference
initialization,20C zero history,RClib state,False,True,Modelica initial equations,see initialization CSV,see CSV,see CSV,high,low,low-impact assumption
ventilation air properties,"rho=1.20, cp=1005; 0.414 ACH",VDIAdapterDefaults,False,True,airRat=.414 in Zone5R1C,G=17.974 W/K,higher ACH raises,higher ACH lowers,high,medium,cross-model closure assumption
internal sensible split,100/0 convective/radiant,requested comparison baseline,True,True,Zone5R1C phiAir k=.5 then surface/mass split,not swept,n/a,n/a,medium,high,cross-model closure assumption
