finding_class,item,assessment
confirmed input error,infiltration 0.414 vs 0.5 ACH,"Repo/Modelica route uses altitude-adjusted 0.414. If target is canonical sea-level BESTEST, 0.5 ACH is the defensible physical input."
likely implementation error,forced 96 m2 IW proxy,Case 600 has no Modelica partitions; current RClib fallback is software/API driven and likely double-counts thermal storage.
likely implementation error,RClib cannot run IW=0 with AW present,Empty and zero-area IW are rejected by contracts/orchestration/radiative aggregation. This is software topology rigidity until VDI no-IW math is established.
physical-equivalence ambiguity,floor AW boundary/classification,"Modelica floor is datConBou with outdoor dry-bulb convection, not an interior partition. VDI boundary mapping needs explicit floor treatment."
physical-equivalence ambiguity,construction layer/capacitance mapping,Envelope storage exists in wall/roof/floor layers; IW storage should not be inferred from room-facing area alone.
legitimate VDI model-form difference,inside heat-transfer coefficient,VDI equations require total coefficient and fixed 5 W/m2K radiative split; sensitivity is legitimate but not calibration.
legitimate VDI model-form difference,HVAC radiant/convective fractions,BESTEST ideal load does not prescribe VDI source allocation.
legitimate VDI model-form difference,solar treatment,Controlled Modelica aggregate solar isolates thermal topology; native VDI solar remains standalone route.
low-impact assumption,initialization,One repeated-year warm-up has small annual effect in current controlled-solar run.
