Physical component,Area,Construction,Boundary,Thermal storage represented?,Candidate VDI AW/IW
north exterior wall,21.6,matExtWal,datConExt exterior,yes,AW
east exterior wall,16.2,matExtWal,datConExt exterior,yes,AW
west exterior wall,16.2,matExtWal,datConExt exterior,yes,AW
south opaque wall with window,9.6,matExtWal,datConExtWin gross wall 21.6 with 12 m2 window,yes,AW
roof,48.0,roof,datConExt exterior,yes,AW
raised floor,48.0,matFlo,"datConBou, other side exposed through surf_conBou to outdoor dry-bulb convection",yes,"AW/boundary construction, not IW partition"
windows,12.0,window600,datConExtWin,window capacity optional; treated separately,transparent AW
internal partitions,0.0,none,nConPar=0,no,no IW
additional lumped fabric mass,0.0,none found,none found beyond zone air mSenFac=1,no,no IW
